"contestid","title","sponsor","details","start_time","end_time","amount","repo","findingsRepo","hide","league"
"1","Slingshot Finance contest","Slingshot Finance","Slingshot is a decentralized trading platform.","2021-02-17T00:00:00.000Z","2021-02-22T23:59:00.000Z","$20,000 USDC","https://github.com/code-423n4/2021-02-slingshot","https://github.com/code-423n4/2021-02-slingshot-findings","False","eth"
"2","ElasticDAO contest","ElasticDAO","ElasticDAO is an experiment in fair governance.","2021-02-25T00:00:00.000Z","2021-03-03T23:59:00.000Z","22 ETH","https://github.com/code-423n4/2021-03-elasticdao","https://github.com/code-423n4/2021-03-elasticdao-findings","False","eth"
"3","Marginswap contest","Marginswap","Bringing margin trading to on-chain assets","2021-04-02T00:00:00.000Z","2021-04-07T23:59:00.000Z","$50,000 USDC","https://github.com/code-423n4/2021-04-marginswap","https://github.com/code-423n4/2021-04-marginswap-findings","False","eth"
"4","Maple Finance contest","Maple Finance","Maple Finance delivers capital-efficient borrowing for top tier institutions","2021-04-08T00:00:00.000Z","2021-04-21T23:59:00.000Z","$100,000 USDC","https://github.com/code-423n4/2021-04-maple","https://github.com/code-423n4/2021-04-maple-findings","False","eth"
"5","Vader Protocol contest","Vader Protocol","Capital efficient liquidity protocol","2021-04-22T00:00:00.000Z","2021-04-28T23:59:00.000Z","27 ETH + 1000 VETH","https://github.com/code-423n4/2021-04-vader","https://github.com/code-423n4/2021-04-vader-findings","False","eth"
"6","LarvaLabs Meebits Contest","LarvaLabs Meebits","20,000 unique 3D characters with a no fee trading marketplace, from the guys who made Cryptopunks","2021-04-29T00:00:00.000Z","2021-05-01T06:59:00.000Z","$50,000 USDC","https://github.com/code-423n4/2021-04-redacted","https://github.com/code-423n4/2021-04-meebits-findings","False","eth"
"7","Based Loans contest","Based Loans","Compound's degenerate brother","2021-04-29T00:00:00.000Z","2021-05-04T23:59:00.000Z","$30,000 USDC","https://github.com/code-423n4/basedloans","https://github.com/code-423n4/2021-04-basedloans-findings","False","eth"
"8","NFTX contest","NFTX","A community-owned protocol for NFT index funds","2021-05-06T00:00:00.000Z","2021-05-11T23:59:00.000Z","$66,000 USDC","https://github.com/code-423n4/2021-05-nftx","https://github.com/code-423n4/2021-05-nftx-findings","False","eth"
"9","88mph contest","88mph","Lend your crypto assets at a fixed-interest rate","2021-05-13T00:00:00.000Z","2021-05-19T23:59:00.000Z","$45,000 USDC","https://github.com/code-423n4/2021-05-88mph","https://github.com/code-423n4/2021-05-88mph-findings","False","eth"
"10","Visor contest","Visor","The DeFi protocol for Active Liquidity Management","2021-05-13T00:00:00.000Z","2021-05-19T23:59:00.000Z","$60,000 USDC","https://github.com/code-423n4/2021-05-visorfinance","https://github.com/code-423n4/2021-05-visorfinance-findings","False","eth"
"11","FairSide contest","FairSide","FairSide Network","2021-05-20T00:00:00.000Z","2021-05-26T23:59:00.000Z","$55,000 USDC","https://github.com/code-423n4/2021-05-fairside","https://github.com/code-423n4/2021-05-fairside-findings","False","eth"
"12","Yield contest","Yield","Fixed-rate borrowing and lending on Ethereum","2021-05-27T00:00:00.000Z","2021-06-02T23:59:00.000Z","$100,000 USDC","https://github.com/code-423n4/2021-05-yield","https://github.com/code-423n4/2021-05-yield-findings","False","eth"
"13","Reality Cards contest","Reality Cards","The world's first 'outcome ownership' prediction market.","2021-06-10T00:00:00.000Z","2021-06-16T23:59:00.000Z","$45,000 USDC (plus tokens)","https://github.com/code-423n4/2021-06-realitycards","https://github.com/code-423n4/2021-06-realitycards-findings","False","eth"
"14","PoolTogether contest","PoolTogether","A protocol for no loss prize savings on Ethereum","2021-06-17T00:00:00.000Z","2021-06-23T23:59:00.000Z","$60,000 USDC","https://github.com/code-423n4/2021-06-pooltogether","https://github.com/code-423n4/2021-06-pooltogether-findings", "False","eth"
"15","Gro Protocol - PREVIEW","Gro Protocol","Preview Mode: Learn and discuss before the contest starts!","2021-06-24T00:00:00.000Z","2021-06-30T23:59:00.000Z","$100,000 USDC","https://github.com/code-423n4/2021-06-gro","", "False","eth"
"16","Tracer contest","Tracer","Build and trade with Tracer’s Perpetual Swaps and gain leveraged exposure to any market in the world.","2021-06-24T00:00:00.000Z","2021-06-30T23:59:00.000Z","$80,000 USDC","https://github.com/code-423n4/2021-06-tracer","https://github.com/code-423n4/2021-06-tracer-findings", "False","eth"
"17","Gro Protocol contest","Gro Protocol","The first protocol to balance your exposure, tranche risk and boost yields all at once.","2021-07-01T00:00:00.000Z","2021-07-07T23:59:00.000Z","$100,000 USDC","https://github.com/code-423n4/2021-06-gro","https://github.com/code-423n4/2021-06-gro-findings", "False","eth"
"18","Wild Credit contest","Wild Credit","Decentralized lending protocol with isolated lending pairs.","2021-07-08T00:00:00.000Z","2021-07-14T23:59:00.000Z","$50,000 USDC","https://github.com/code-423n4/2021-07-wildcredit","https://github.com/code-423n4/2021-07-wildcredit-findings", "False","eth"
"19","Connext contest","Connext","The interoperability protocol of L2 Ethereum.","2021-07-09T00:00:00.000Z","2021-07-11T23:59:00.000Z","$25,000 USDC","https://github.com/code-423n4/2021-07-connext","https://github.com/code-423n4/2021-07-connext-findings","False","eth"
"20","Spartan Protocol contest","Spartan Protocol","Community-governed token to incentivize deep liquidity pools for leveraged synthetic token generation.","2021-07-15T00:00:00.000Z","2021-07-21T23:59:00.000Z","$80,000 USDC","https://github.com/code-423n4/2021-07-spartan","https://github.com/code-423n4/2021-07-spartan-findings", "False","eth"
"21","Sherlock contest","Sherlock","Decentralized exploit protection.","2021-07-22T00:00:00.000Z","2021-07-28T23:59:00.000Z","$80,000 USDC","https://github.com/code-423n4/2021-07-sherlock","https://github.com/code-423n4/2021-07-sherlock-findings", "False","eth"
"22","Float Capital contest","Float Capital","Synthetic assets made simple. No overcollateralization. No liquidation. Not a fork.","2021-08-05T00:00:00.000Z","2021-08-11T23:59:00.000Z","$50,000 USDC","https://github.com/code-423n4/2021-08-floatcapital","https://github.com/code-423n4/2021-08-floatcapital-findings", "False","eth"
"23","Notional contest","Notional","Fixed rates, now in crypto.","2021-08-26T00:00:00.000Z","2021-09-08T23:59:00.000Z","$150K USDC + $50k NOTE","https://github.com/code-423n4/2021-08-notional","https://github.com/code-423n4/2021-08-notional-findings","False","eth"
"24","PoolTogether micro contest #1","PoolTogether","A protocol for no loss prize savings on Ethereum","2021-07-29T00:00:00.000Z","2021-07-31T23:59:00.000Z","$20,000 USDC","https://github.com/code-423n4/2021-07-pooltogether","https://github.com/code-423n4/2021-07-pooltogether-findings", "False","eth"
"25","Yield micro contest #1","Yield","Fixed-rate borrowing and lending on Ethereum","2021-08-12T00:00:00.000Z","2021-08-14T23:59:00.000Z","$30,000 USDC","https://github.com/code-423n4/2021-08-yield","https://github.com/code-423n4/2021-08-yield-findings", "False","eth"
"26","Reality Cards contest","Reality Cards","The world's first 'outcome ownership' prediction market.","2021-08-19T00:00:00.000Z","2021-08-25T23:59:00.000Z","$30,000 USDC (plus $30,000 in tokens)","https://github.com/code-423n4/2021-08-realitycards","https://github.com/code-423n4/2021-08-realitycards-findings","False","eth"
"27","Gravity Bridge contest","Althea Gravity Bridge","An open and decentralized Eth–Cosmos bridge.","2021-08-26T00:00:00.000Z","2021-09-08T23:59:00.000Z","$100,000 USDC + tokens","https://github.com/code-423n4/2021-08-gravitybridge","https://github.com/code-423n4/2021-08-gravitybridge-findings","False","cosmos"
"28","Sushi Miso contest","Sushi","Part of the Sushi’s product ecosystem in advancing seamless token and auction launchpad for projects.","2021-09-09T00:00:00.000Z","2021-09-15T23:59:00.000Z","~$100,000 (8,000 Sushi)","https://github.com/code-423n4/2021-09-sushimiso","https://github.com/code-423n4/2021-09-sushimiso-findings","False","eth"
"29","Sushi Trident contest phase 1","Sushi","Community-driven DeFi platform","2021-09-16T00:00:00.000Z","2021-09-29T23:59:00.000Z","~$200,000 (16,000 Sushi)","https://github.com/code-423n4/2021-09-sushitrident","https://github.com/code-423n4/2021-09-sushitrident-findings","False","eth"
"30","yAxis contest","yAxis","The trusted #DeFi platform to earn reliable returns on digital assets.","2021-09-09T00:00:00.000Z","2021-09-15T23:59:00.000Z","$30,000 USDC (plus $30,000 in tokens)","https://github.com/code-423n4/2021-09-yaxis","https://github.com/code-423n4/2021-09-yaxis-findings","False","eth"
"31","bveCVX by BadgerDAO contest","BadgerDAO","Building Products to Bring BTC to DeFi.","2021-09-02T00:00:00.000Z","2021-09-08T23:59:00.000Z","$30,000 USDC (plus $60,000 in tokens)","https://github.com/code-423n4/2021-09-bvecvx","https://github.com/code-423n4/2021-09-bvecvx-findings","False","eth"
"32","Wild Credit contest","Wild Credit","Decentralized lending protocol with isolated lending pairs.","2021-09-23T00:00:00.000Z","2021-09-29T23:59:00.000Z","$50,000 USDC","https://github.com/code-423n4/2021-09-wildcredit","https://github.com/code-423n4/2021-09-wildcredit-findings", "False","eth"
"33","PoolTogether v4 - PREVIEW","PoolTogether","Preview Mode: Learn and discuss before the contest starts!","2021-09-30T18:00:00.000Z","2021-10-06T23:59:00.000Z","$105,000 USDC","https://github.com/code-423n4/2021-10-pooltogether","", "False","eth"
"34","PoolTogether v4 contest","PoolTogether","A protocol for no loss prize savings on Ethereum","2021-10-07T00:00:00.000Z","2021-10-13T23:59:00.000Z","$105,000 USDC","https://github.com/code-423n4/2021-10-pooltogether","https://github.com/code-423n4/2021-10-pooltogether-findings", "False","eth"
"35","Sushi Trident contest phase 2","Sushi","Community-driven DeFi platform","2021-09-30T00:00:00.000Z","2021-10-06T23:59:00.000Z","~$100,000 (8,000 Sushi)","https://github.com/code-423n4/2021-09-sushitrident-2","https://github.com/code-423n4/2021-09-sushitrident-2-findings","False","eth"
"36","Kuiper contest","Kuiper","Automated portfolio protocol.","2021-09-16T00:00:00.000Z","2021-09-22T23:59:00.000Z","$50,000 USDC","https://github.com/code-423n4/2021-09-defiProtocol","https://github.com/code-423n4/2021-09-defiprotocol-findings","False","eth"
"37","Tempus Finance contest","Tempus Finance","Trustless secondary markets on yield.","2021-10-14T00:00:00.000Z","2021-10-20T23:59:00.000Z","$50,000 USDC","https://github.com/code-423n4/2021-10-tempus","https://github.com/code-423n4/2021-10-tempus-findings","False","eth"
"38","Ambire contest","Ambire","Fastest & simplest way to get into crypto and DeFi even without previous experience.","2021-10-15T00:00:00.000Z","2021-10-18T23:59:00.000Z","$35,000 USDC","https://github.com/code-423n4/2021-10-ambire","https://github.com/code-423n4/2021-10-ambire-findings","False","eth"
"39","Swivel contest","Swivel","The Decentralized Protocol For Fixed-Rate Lending & Tokenized Cash-Flows.","2021-09-30T00:00:00.000Z","2021-10-06T23:59:00.000Z","$75,000 worth of ETH","https://github.com/code-423n4/2021-09-swivel","https://github.com/code-423n4/2021-09-swivel-findings","False","eth"
"40","Tracer contest","Tracer","Tracer Perpetual Pools: No margins. No liquidations. Fully fungible tokens for the DeFi economy.","2021-10-07T00:00:00.000Z","2021-10-13T23:59:00.000Z","$30,000 USDC (plus $20,000 in tokens)","https://github.com/code-423n4/2021-10-tracer","https://github.com/code-423n4/2021-10-tracer-findings", "False","eth"
"41","Kuiper contest","Kuiper","Automated portfolio protocol.","2021-10-08T00:00:00.000Z","2021-10-10T23:59:00.000Z","$25,000 USDC","https://github.com/code-423n4/2021-10-defiProtocol","https://github.com/code-423n4/2021-10-defiprotocol-findings","False","eth"
"42","Mochi contest","Mochi","Next-Gen Decentralized Digital Currency Backed By Long-Tail Cryptoassets.","2021-10-21T00:00:00.000Z","2021-10-27T23:59:00.000Z","$80,000 worth of ETH","https://github.com/code-423n4/2021-10-mochi","https://github.com/code-423n4/2021-10-mochi-findings","False","eth"
"43","Covalent contest","Covalent","One unified API. One billion possibilities.","2021-10-19T00:00:00.000Z","2021-10-21T23:59:00.000Z","$30,000 worth of ETH","https://github.com/code-423n4/2021-10-covalent","https://github.com/code-423n4/2021-10-covalent-findings","False","eth"
"44","Tally contest","Tally","The community owned and operated Web3 wallet.","2021-10-20T00:00:00.000Z","2021-10-22T23:59:00.000Z","$30,000 worth of ETH","https://github.com/code-423n4/2021-10-tally","https://github.com/code-423n4/2021-10-tally-findings","False","eth"
"45","Union Finance contest","Union Finance","The Credit Protocol. Lets make defi positive sum.","2021-10-14T00:00:00.000Z","2021-10-20T23:59:00.000Z","$60,000 worth of ETH","https://github.com/code-423n4/2021-10-union","https://github.com/code-423n4/2021-10-union-findings","False","eth"
"46","Silo Finance contest","Silo Finance","Secure lending markets for all crypto assets.","2021-11-18T00:00:00.000Z","2021-11-24T23:59:00.000Z","$50,000 USDC","https://github.com/code-423n4/2021-11-silofinance","https://github.com/code-423n4/2021-11-silofinance-findings","True","eth"
"47","BadgerDAO ibBTC Wrapper contest","BadgerDAO","Building Products to Bring BTC to DeFi.","2021-10-28T00:00:00.000Z","2021-10-30T23:59:00.000Z","$30,000 worth of ETH","https://github.com/code-423n4/2021-10-badgerdao","https://github.com/code-423n4/2021-10-badgerdao-findings","False","eth"
"48","Slingshot Finance contest","Slingshot Finance","Web3 trading platform.","2021-10-30T00:00:00.000Z","2021-11-01T23:59:00.000Z","$35,000 worth of ETH","https://github.com/code-423n4/2021-10-slingshot","https://github.com/code-423n4/2021-10-slingshot-findings","False","eth"
"49","Overlay Protocol contest","Overlay Protocol","A protocol for trading #DeFi data streams.","2021-11-16T00:00:00.000Z","2021-11-22T23:59:00.000Z","$50,000 worth of ETH","https://github.com/code-423n4/2021-11-overlay","https://github.com/code-423n4/2021-11-overlay-findings","False","eth"
"50","FairSide contest","FairSide","Decentralized Cost Sharing Network.","2021-11-09T00:00:00.000Z","2021-11-11T23:59:00.000Z","$30,000 worth of ETH","https://github.com/code-423n4/2021-11-fairside","https://github.com/code-423n4/2021-11-fairside-findings","False","eth"
"51","Boot Finance contest","Boot Finance","Custom DEX AMM for Defi Projects","2021-11-04T00:00:00.000Z","2021-11-10T23:59:00.000Z","$50,000 USDC","https://github.com/code-423n4/2021-11-bootfinance","https://github.com/code-423n4/2021-11-bootfinance-findings","False","eth"
"52","Vader Protocol contest","Vader Protocol","Liquidity Protocol anchored by Native Stablecoin with Slip-Based Fees AMM, IL protection and Synthetics.","2021-11-09T00:00:00.000Z","2021-11-15T23:59:00.000Z","$75,000 USDC","https://github.com/code-423n4/2021-11-vader","https://github.com/code-423n4/2021-11-vader-findings","False","eth"
"53","Nested Finance contest","Nested Finance","The one-stop Defi app to build, manage and monetize your portfolio.","2021-11-11T00:00:00.000Z","2021-11-17T23:59:00.000Z","$50,000 USDC","https://github.com/code-423n4/2021-11-nested","https://github.com/code-423n4/2021-11-nested-findings","False","eth"
"54","Unlock Protocol contest","Unlock Protocol","Protocol for memberships built on a blockchain, where fans can support their favourite creators by purchasing their NFTs!","2021-11-18T00:00:00.000Z","2021-11-24T23:59:00.000Z","$50,000 USDC","https://github.com/code-423n4/2021-11-unlock","https://github.com/code-423n4/2021-11-unlock-findings","False","eth"
"55","Maple Finance contest","Maple Finance","Institutional capital marketplace powered by blockchain technology.","2021-12-02T00:00:00.000Z","2021-12-08T23:59:00.000Z","$75,000 USDC","https://github.com/code-423n4/2021-12-maple","https://github.com/code-423n4/2021-12-maple-findings","False","eth"
"56","yAxis contest","yAxis","The trusted #DeFi platform to earn reliable returns on digital assets.","2021-11-16T00:00:00.000Z","2021-11-18T23:59:00.000Z","$30,000 USDC","https://github.com/code-423n4/2021-11-yaxis","https://github.com/code-423n4/2021-11-yaxis-findings","False","eth"
"57","BadgerDAO Zaps contest","BadgerDAO","Building Products to Bring BTC to DeFi.","2021-11-14T00:00:00.000Z","2021-11-16T23:59:00.000Z","$30,000 USDC","https://github.com/code-423n4/2021-11-badgerzaps","https://github.com/code-423n4/2021-11-badgerzaps-findings","False","eth"
"58","Mellow Protocol contest","Mellow Protocol","Trustless automatic DeFi strategies. Permissionless vaults ecosystem for capital efficiency.","2021-12-02T00:00:00.000Z","2021-12-08T23:59:00.000Z","$50,000 USDC","https://github.com/code-423n4/2021-12-mellow","https://github.com/code-423n4/2021-12-mellow-findings","False","eth"
"59","Malt Finance contest","Malt Finance","Yield farmable, incentive-centric algorithmic stable coin.","2021-11-25T00:00:00.000Z","2021-12-01T23:59:00.000Z","$80,000 USDC","https://github.com/code-423n4/2021-11-malt","https://github.com/code-423n4/2021-11-malt-findings","False","eth"
"60","Perennial contest","Perennial","In perpetuity.","2021-12-09T00:00:00.000Z","2021-12-15T23:59:00.000Z","$50,000 USDC","https://github.com/code-423n4/2021-12-perennial","https://github.com/code-423n4/2021-12-perennial-findings","False","eth"
"61","Sublime contest","Sublime","Democratizing credit via Web3.","2021-12-09T00:00:00.000Z","2021-12-15T23:59:00.000Z","$50,000 USDC","https://github.com/code-423n4/2021-12-sublime","https://github.com/code-423n4/2021-12-sublime-findings","False","eth"
"62","Streaming Protocol contest","Streaming Protocol","","2021-11-30T16:00:00.000Z","2021-12-07T15:59:00.000Z","$100,000 USDC","https://github.com/code-423n4/2021-11-streaming","https://github.com/code-423n4/2021-11-streaming-findings","False","eth"
"63","Fei Protocol contest","Fei Protocol","Supporting the creation of $FEI, the stablecoin for DeFi","2021-11-30T00:00:00.000Z","2021-12-02T23:59:00.000Z","$30,000 USDC","https://github.com/code-423n4/2021-11-fei","https://github.com/code-423n4/2021-11-fei-findings","False","eth"
"64","PoolTogether TwabRewards contest","PoolTogether","A protocol for no loss prize savings on Ethereum","2021-12-09T00:00:00.000Z","2021-12-12T23:59:00.000Z","$25,000 USDC","https://github.com/code-423n4/2021-12-pooltogether","https://github.com/code-423n4/2021-12-pooltogether-findings", "False","eth"
"65","Kuiper contest","Kuiper","Automated portfolio protocol.","2021-12-08T00:00:00.000Z","2021-12-10T23:59:00.000Z","$30,000 worth of ETH","https://github.com/code-423n4/2021-12-defiProtocol","https://github.com/code-423n4/2021-12-defiprotocol-findings","False","eth"
"66","Yeti Finance contest","Yeti Finance","Portfolio borrowing. 11x leverage. 0% interest.","2021-12-16T00:00:00.000Z","2021-12-22T23:59:00.000Z","$100,000 USDC","https://github.com/code-423n4/2021-12-yetifinance","https://github.com/code-423n4/2021-12-yetifinance-findings","False","eth"
"67","Sandclock contest","Sandclock","The Next Generation of Wealth Creation.","2022-01-06T00:00:00.000Z","2022-01-12T23:59:00.000Z","$60,000 USDC","https://github.com/code-423n4/2022-01-sandclock","https://github.com/code-423n4/2022-01-sandclock-findings","False","eth"
"68","Amun contest","Amun","We build tokens to make it easy to invest in crypto.","2021-12-13T00:00:00.000Z","2021-12-19T23:59:00.000Z","$75,000 USDC","https://github.com/code-423n4/2021-12-amun","https://github.com/code-423n4/2021-12-amun-findings","False","eth"
"69","NFTX contest","NFTX","A community-owned protocol for NFT index funds.","2021-12-16T00:00:00.000Z","2021-12-22T23:59:00.000Z","$75,000 USDC","https://github.com/code-423n4/2021-12-nftx","https://github.com/code-423n4/2021-12-nftx-findings","False","eth"
"70","Vader Protocol contest","Vader Protocol","Liquidity Protocol anchored by Native Stablecoin with Slip-Based Fees AMM, IL protection and Synthetics.","2021-12-21T00:00:00.000Z","2021-12-25T23:59:00.000Z","$30,000 USDC","https://github.com/code-423n4/2021-12-vader","https://github.com/code-423n4/2021-12-vader-findings","False","eth"
"71","InsureDAO contest","InsureDAO","Anyone can create an insurance pool like Uniswap.","2022-01-07T00:00:00.000Z","2022-01-13T23:59:00.000Z","$53,000 USDC (plus $27,000 in tokens)","https://github.com/code-423n4/2022-01-insure","https://github.com/code-423n4/2022-01-insure-findings","False","eth"
"72","OpenLeverage contest","OpenLeverage","Permissionless lending and margin trading protocol that enables traders to long/short any trading pair on DEXs efficiently and securely.","2022-01-27T00:00:00.000Z","2022-02-02T23:59:00.000Z","$75,000 USDT","https://github.com/code-423n4/2022-01-openleverage","https://github.com/code-423n4/2022-01-openleverage-findings","False","eth"
"73","Livepeer contest","Livepeer","Decentralized live streaming platform built on the blockchain.","2022-01-13T00:00:00.000Z","2022-01-19T23:59:00.000Z","$55,000 USDC (plus $20,000 in tokens)","https://github.com/code-423n4/2022-01-livepeer","https://github.com/code-423n4/2022-01-livepeer-findings","False","eth"
"74","Timeswap contest","Timeswap","Like Uniswap, but for lending & borrowing.","2022-01-04T00:00:00.000Z","2022-01-10T23:59:00.000Z","$75,000 USDC","https://github.com/code-423n4/2022-01-timeswap","https://github.com/code-423n4/2022-01-timeswap-findings","False","eth"
"75","XDEFI contest","XDEFI","The fastest wallet in DeFi.","2022-01-04T00:00:00.000Z","2022-01-06T23:59:00.000Z","$25,000 USDC","https://github.com/code-423n4/2022-01-xdefi","https://github.com/code-423n4/2022-01-xdefi-findings","False","eth"
"76","Sherlock contest","Sherlock","Decentralized exploit protection.","2022-01-20T00:00:00.000Z","2022-01-26T23:59:00.000Z","$80,000 USDC","https://github.com/code-423n4/2022-01-sherlock","https://github.com/code-423n4/2022-01-sherlock-findings", "False","eth"
"77","ElasticSwap contest","ElasticSwap","The first AMM for Elastic Supply Tokens.","2022-01-20T00:00:00.000Z","2022-01-26T23:59:00.000Z","$50,000 USDC","https://github.com/code-423n4/2022-01-elasticswap","https://github.com/code-423n4/2022-01-elasticswap-findings", "False","eth"
"78","Behodler contest","Behodler","Ethereum liquidity protocol powered by token bonding curves.","2022-01-27T00:00:00.000Z","2022-02-02T23:59:00.000Z","$90,000 USDC","https://github.com/code-423n4/2022-01-behodler","https://github.com/code-423n4/2022-01-behodler-findings","False","eth"
"79","Trader Joe contest","Trader Joe","One-stop-shop decentralized trading on Avalanche.","2022-01-25T00:00:00.000Z","2022-01-27T23:59:00.000Z","$50,000 USDT","https://github.com/code-423n4/2022-01-trader-joe","https://github.com/code-423n4/2022-01-trader-joe-findings","False","eth"
"80","Yield-Convex contest","Yield","Fixed-rate borrowing and lending on Ethereum","2022-01-28T00:00:00.000Z","2022-01-30T23:59:00.000Z","$30,000 USDC","https://github.com/code-423n4/2022-01-yield","https://github.com/code-423n4/2022-01-yield-findings", "False","eth"
"81","Notional contest","Notional","Fixed rates, now in crypto.","2022-01-27T00:00:00.000Z","2022-02-02T23:59:00.000Z","$75,000 USDC","https://github.com/code-423n4/2022-01-notional","https://github.com/code-423n4/2022-01-notional-findings","False","eth"
"82","Anchor contest","Anchor","The Benchmark DeFi Yield.","2022-02-24T00:00:00.000Z","2022-03-09T23:59:00.000Z","$170,000 UST","https://github.com/code-423n4/2022-02-anchor","https://github.com/code-423n4/2022-02-anchor-findings","False","cosmos"
"83","Concur Finance contest","Concur Finance","Incentives vote-and-rewards sharing protocol","2022-02-03T00:00:00.000Z","2022-02-09T23:59:00.000Z","$75,000 USDC","https://github.com/code-423n4/2022-02-concur","https://github.com/code-423n4/2022-02-concur-findings","False","eth"
"84","Badger Citadel contest","BadgerDAO"," Bringing BTC to DeFi","2022-02-04T00:00:00.000Z","2022-02-06T23:59:00.000Z","$30,000 USDC","https://github.com/code-423n4/2022-02-badger-citadel","https://github.com/code-423n4/2022-02-badger-citadel-findings","False","eth"
"85","Aave Lens contest","Aave Lens","Web3 permissionless, composable & decentralized social graph","2022-02-10T00:00:00.000Z","2022-02-16T23:59:00.000Z","$100,000 USDC","https://github.com/code-423n4/2022-02-aave-lens","https://github.com/code-423n4/2022-02-aave-lens-findings","False","eth"
"86","Nested Finance contest","Nested Finance","The one-stop Defi app to build, manage and monetize your portfolio.","2022-02-10T00:00:00.000Z","2022-02-12T23:59:00.000Z","$30,000 USDC","https://github.com/code-423n4/2022-02-nested","https://github.com/code-423n4/2022-02-nested-findings","False","eth"
"87","Redacted Cartel contest","Redacted Cartel","Complimentary subDAO for OlympusDAO.","2022-02-15T00:00:00.000Z","2022-02-17T23:59:00.000Z","$30,000 USDC","https://github.com/code-423n4/2022-02-redacted-cartel","https://github.com/code-423n4/2022-02-redacted-cartel-findings","False","eth"
"88","SKALE contest","SKALE","The only Ethereum native multichain scaling network.","2022-02-18T00:00:00.000Z","2022-03-03T23:59:00.000Z","$125,000 USDC","https://github.com/code-423n4/2022-02-skale","https://github.com/code-423n4/2022-02-skale-findings","False","eth"
"89","Hubble contest","Hubble","Multi-collateral/Cross-Margin Perpetual Futures on Avalanche.","2022-02-17T00:00:00.000Z","2022-02-23T23:59:00.000Z","$75,000 USDC","https://github.com/code-423n4/2022-02-hubble","https://github.com/code-423n4/2022-02-hubble-findings","False","eth"
"90","Phuture Finance contest","Phuture Finance","Crypto index platform, that simplifies your investments through automated, themed index products.","2022-04-19T00:00:00.000Z","2022-04-21T23:59:00.000Z","$30,000 USDC","https://github.com/code-423n4/2022-04-phuture","https://github.com/code-423n4/2022-04-phuture-findings","False","eth"
"91","Ooki contest","Ooki","The only DeFi app you’ll ever need to trade, stake & borrow.","2022-02-16T00:00:00.000Z","2022-02-18T23:59:00.000Z","$30,000 USDC","https://github.com/code-423n4/2022-02-ooki","https://github.com/code-423n4/2022-02-ooki-findings","False","eth"
"92","Tribe Turbo contest","Tribe","A new DeFi primitive that allows any token to become productive and provide FEI liquidity at no cost to the markets that need it most.","2022-02-17T00:00:00.000Z","2022-02-23T23:59:00.000Z","$75,000 USDC","https://github.com/code-423n4/2022-02-tribe-turbo","https://github.com/code-423n4/2022-02-tribe-turbo-findings","False","eth"
"93","PoolTogether TWAB Delegator contest","PoolTogether","A protocol for no loss prize savings on Ethereum","2022-02-22T00:00:00.000Z","2022-02-24T23:59:00.000Z","$30,000 USDC","https://github.com/code-423n4/2022-02-pooltogether","https://github.com/code-423n4/2022-02-pooltogether-findings","False","eth"
"94","Foundation contest","Foundation","Building the new creative economy","2022-02-24T00:00:00.000Z","2022-03-02T23:59:00.000Z","$75,000 USDC","https://github.com/code-423n4/2022-02-foundation","https://github.com/code-423n4/2022-02-foundation-findings","False","eth"
"95","JPYC contest","JPYC","World-leading Japanese Yen Stablecoin.","2022-02-24T00:00:00.000Z","2022-02-26T23:59:00.000Z","$30,000 USDC","https://github.com/code-423n4/2022-02-jpyc","https://github.com/code-423n4/2022-02-jpyc-findings","False","eth"
"96","Timeswap contest","Timeswap","Like Uniswap, but for lending & borrowing.","2022-03-04T00:00:00.000Z","2022-03-06T23:59:00.000Z","$30,000 USDC","https://github.com/code-423n4/2022-03-timeswap","https://github.com/code-423n4/2022-03-timeswap-findings","False","eth"
"97","Biconomy Hyphen 2.0 contest","Biconomy","Next-Gen Multichain Relayer Protocol.","2022-03-10T00:00:00.000Z","2022-03-16T23:59:00.000Z","$75,000 USDT","https://github.com/code-423n4/2022-03-biconomy","https://github.com/code-423n4/2022-03-biconomy-findings","False","eth"
"98","Rolla contest","Rolla","A DeFi options protocol for generating yield on your crypto or stablecoins based on risk level.","2022-03-17T00:00:00.000Z","2022-03-24T23:59:00.000Z","$75,000 USDC","https://github.com/code-423n4/2022-03-rolla","https://github.com/code-423n4/2022-03-rolla-findings","False","eth"
"99","Maple Finance contest","Maple Finance","Institutional capital marketplace powered by blockchain technology.","2022-03-17T00:00:00.000Z","2022-03-21T23:59:00.000Z","$50,000 USDC","https://github.com/code-423n4/2022-03-maple","https://github.com/code-423n4/2022-03-maple-findings","False","eth"
"100","prePO contest","prePO","Gain exposure to pre-IPO companies & pre-token projects.","2022-03-17T00:00:00.000Z","2022-03-19T23:59:00.000Z","$30,000 USDC","https://github.com/code-423n4/2022-03-prepo","https://github.com/code-423n4/2022-03-prepo-findings","False","eth"
"101","Sublime contest","Sublime","Democratizing credit via Web3.","2022-03-29T00:00:00.000Z","2022-03-31T23:59:00.000Z","$30,000 USDC","https://github.com/code-423n4/2022-03-sublime","https://github.com/code-423n4/2022-03-sublime-findings","False","eth"
"102","Volt Protocol contest","Volt Protocol","Inflation Protected Stablecoin.","2022-03-31T00:00:00.000Z","2022-04-06T23:59:00.000Z","$75,000 USDC","https://github.com/code-423n4/2022-03-volt","https://github.com/code-423n4/2022-03-volt-findings","False","eth"
"103","LI.FI contest","LI.FI","Bridge & DEX Aggregation.","2022-03-24T00:00:00.000Z","2022-03-30T23:59:00.000Z","$75,000 USDC","https://github.com/code-423n4/2022-03-lifinance","https://github.com/code-423n4/2022-03-lifinance-findings","False","eth"
"104","Joyn contest","Joyn","Launchpad for collaborative web3 media projects with blueprints, building blocks, and community support.","2022-03-30T00:00:00.000Z","2022-04-01T23:59:00.000Z","$30,000 USDC","https://github.com/code-423n4/2022-03-joyn","https://github.com/code-423n4/2022-03-joyn-findings","False","eth"
"105","Paladin contest","Paladin","A governance lending protocol transforming users voting power into a new money lego.","2022-03-29T00:00:00.000Z","2022-04-02T23:59:00.000Z","$50,000 USDC","https://github.com/code-423n4/2022-03-paladin","https://github.com/code-423n4/2022-03-paladin-findings","False","eth"
"106","Backed Protocol contest","Backed Protocol","Protocol for peer to peer NFT-Backed Loans.","2022-04-05T00:00:00.000Z","2022-04-07T23:59:00.000Z","$30,000 USDC","https://github.com/code-423n4/2022-04-backed","https://github.com/code-423n4/2022-04-backed-findings","False","eth"
"107","JPEG'd contest","JPEG'd","Bridging the gap between DeFi and NFTs.","2022-04-07T00:00:00.000Z","2022-04-13T23:59:00.000Z","$100,000 USDC","https://github.com/code-423n4/2022-04-jpegd","https://github.com/code-423n4/2022-04-jpegd-findings","False","eth"
"108","Duality Focus contest","Duality Focus","The money market for Uniswap V3 LPs.","2022-04-06T00:00:00.000Z","2022-04-08T23:59:00.000Z","$30,000 USDC","https://github.com/code-423n4/2022-04-dualityfocus","https://github.com/code-423n4/2022-04-dualityfocus-findings","False","eth"
"109","Axelar Network contest","Axelar Network","Decentralized interoperability network.","2022-04-07T00:00:00.000Z","2022-04-11T23:59:00.000Z","$50,000 USDC","https://github.com/code-423n4/2022-04-axelar","https://github.com/code-423n4/2022-04-axelar-findings","False","cosmos"
"110","Badger Citadel contest","BadgerDAO","Bringing BTC to DeFi","2022-04-14T00:00:00.000Z","2022-04-20T23:59:00.000Z","$75,000 USDC","https://github.com/code-423n4/2022-04-badger-citadel","https://github.com/code-423n4/2022-04-badger-citadel-findings","False","eth"
"111","xTRIBE contest","Tribe","A TRIBE tokenomic upgrade with multi-delegation, autocompounding rewards, and reward delegation","2022-04-21T00:00:00.000Z","2022-04-27T23:59:00.000Z","$75,000 USDC","https://github.com/code-423n4/2022-04-xtribe","https://github.com/code-423n4/2022-04-xtribe-findings","False","eth"
"112","Backd contest","Backd","Maximize the power of your assets and start earning yield","2022-04-21T00:00:00.000Z","2022-04-27T23:59:00.000Z","$100,000 USDC","https://github.com/code-423n4/2022-04-backd","https://github.com/code-423n4/2022-04-backd-findings","False","eth"
"113","AbraNFT contest","Abracadabra Money","A peer to peer lending platform, using NFTs as collateral.","2022-04-27T00:00:00.000Z","2022-05-01T23:59:00.000Z","$50,000 MIM","https://github.com/code-423n4/2022-04-abranft","https://github.com/code-423n4/2022-04-abranft-findings","False","eth"
"114","PoolTogether Aave v3 contest","PoolTogether","A protocol for no loss prize savings on Ethereum.","2022-04-29T00:00:00.000Z","2022-05-01T23:59:00.000Z","$22,000 USDC","https://github.com/code-423n4/2022-04-pooltogether","https://github.com/code-423n4/2022-04-pooltogether-findings","False","eth"
"115","Mimo DeFi contest","Mimo DeFi","Bridging the chasm between the DeFi world and the world of regulated financial institutions.","2022-04-28T00:00:00.000Z","2022-05-02T23:59:00.000Z","$50,000 USDC","https://github.com/code-423n4/2022-04-mimo","https://github.com/code-423n4/2022-04-mimo-findings","False","eth"
"116","Cudos contest","Cudos","Decentralised cloud computing for Web3.","2022-05-03T00:00:00.000Z","2022-05-09T23:59:00.000Z","$75,000 USDC","https://github.com/code-423n4/2022-05-cudos","https://github.com/code-423n4/2022-05-cudos-findings","False","cosmos"
"117","bunker.finance contest","bunker.finance","The easiest way to borrow against your NFTs.","2022-05-03T00:00:00.000Z","2022-05-07T23:59:00.000Z","$50,000 USDC","https://github.com/code-423n4/2022-05-bunker","https://github.com/code-423n4/2022-05-bunker-findings","False","eth"
"118","Forgotten Runes Warrior Guild contest","Forgotten Runes","16,000 Warrior NFTs sold in a phased Dutch Auction.","2022-05-03T00:00:00.000Z","2022-05-05T23:59:00.000Z","$30,000 USDC","https://github.com/code-423n4/2022-05-runes","https://github.com/code-423n4/2022-05-runes-findings","False","eth"
"119","FactoryDAO contest","FactoryDAO","The DAO that builds DAOs.","2022-05-04T00:00:00.000Z","2022-05-08T23:59:00.000Z","$50,000 DAI","https://github.com/code-423n4/2022-05-factorydao","https://github.com/code-423n4/2022-05-factorydao-findings","False","eth"
"120","Alchemix contest","Alchemix","A protocol for self-repaying loans with no liquidation risk.","2022-05-05T00:00:00.000Z","2022-05-18T23:59:00.000Z","$125,000 DAI","https://github.com/code-423n4/2022-05-alchemix","https://github.com/code-423n4/2022-05-alchemix-findings","False","eth"
"121","Enso Finance contest","Enso Finance","The investment app where friends invest and build strategies for each other.","2022-05-05T00:00:00.000Z","2022-05-18T23:59:00.000Z","$125,000 USDT","https://github.com/code-423n4/2022-05-enso","https://github.com/code-423n4/2022-05-enso-findings","False","eth"
"122","Cally contest","Cally","Earn yield on your NFTs or tokens via covered call vaults.","2022-05-10T00:00:00.000Z","2022-05-14T23:59:00.000Z","$50,000 USDC","https://github.com/code-423n4/2022-05-cally","https://github.com/code-423n4/2022-05-cally-findings","False","eth"
"123","Aura Finance contest","Aura Finance","Providing optimal incentives for VotingEscrow systems.","2022-05-11T13:00:00.000Z","2022-05-25T12:59:00.000Z","$150,000 USDC","https://github.com/code-423n4/2022-05-aura","https://github.com/code-423n4/2022-05-aura-findings","False","eth"
"124","Notional x Index Coop","Notional","A collaboration between Notional and Index Coop to create fixed rate yield index tokens.","2022-06-07T20:00:00.000Z","2022-06-14T19:59:00.000Z","$75,000 USDC","https://github.com/code-423n4/2022-06-notional-coop","https://github.com/code-423n4/2022-06-notional-coop-findings","False","eth"
"125","Sturdy contest","Sturdy","The first protocol for interest-free borrowing and high yield lending.","2022-05-13T00:00:00.000Z","2022-05-15T23:59:00.000Z","$30,000 USDC","https://github.com/code-423n4/2022-05-sturdy","https://github.com/code-423n4/2022-05-sturdy-findings","False","eth"
"126","veToken Finance contest","veToken Finance","Lock more veAsset permanently.","2022-05-26T20:00:00.000Z","2022-06-02T19:59:00.000Z","$75,000 USDT","https://github.com/code-423n4/2022-05-vetoken","https://github.com/code-423n4/2022-05-vetoken-findings","False","eth"
"127","ChainSafe contest","ChainSafe","An interoperability layer enabling seamless cross-chain web3 dApp development.","2022-06-06T20:00:00.000Z","2022-06-13T19:59:00.000Z","$70,000 USDC","https://github.com/code-423n4/2022-06-chainsafe","https://github.com/code-423n4/2022-06-chainsafe-findings","True","eth"
"128","OpenSea Seaport contest","OpenSea","A marketplace contract for safely and efficiently creating and fulfilling orders for ERC721 and ERC1155 items.","2022-05-20T20:00:00.000Z","2022-06-03T23:59:00.000Z","$1,000,000 USDC","https://github.com/code-423n4/2022-05-opensea-seaport","https://github.com/code-423n4/2022-05-opensea-seaport-findings","False","eth"
"129","Rubicon contest","Rubicon","An order book protocol for Ethereum, built on L2s.","2022-05-23T20:00:00.000Z","2022-05-28T19:59:00.000Z","$50,000 USDC","https://github.com/code-423n4/2022-05-rubicon","https://github.com/code-423n4/2022-05-rubicon-findings","False","eth"
"130","Velodrome Finance contest","Velodrome Finance","A base layer AMM on Optimism, inspired by Solidly.","2022-05-23T20:00:00.000Z","2022-05-30T19:59:00.000Z","$75,000 USDC","https://github.com/code-423n4/2022-05-velodrome","https://github.com/code-423n4/2022-05-velodrome-findings","False","eth"
"131","Backd Tokenomics contest","Backd","Maximize the power of your assets and start earning yield","2022-05-27T20:00:00.000Z","2022-06-03T19:59:00.000Z","$75,000 USDC","https://github.com/code-423n4/2022-05-backd","https://github.com/code-423n4/2022-05-backd-findings","False","eth"
"132","Connext Amarok contest","Connext","The interoperability protocol of L2 Ethereum.","2022-06-08T20:00:00.000Z","2022-06-19T19:59:00.000Z","$115,000 USDC","https://github.com/code-423n4/2022-06-connext","https://github.com/code-423n4/2022-06-connext-findings","False","eth"
"133","Canto contest","Canto","Execution layer for original work.","2022-06-14T20:00:00.000Z","2022-06-21T19:59:00.000Z","$100,000 (half USDC, half protocol tokens)","https://github.com/code-423n4/2022-06-canto","https://github.com/code-423n4/2022-06-canto-findings","False","eth"
"134","Illuminate contest","Illuminate","Your Sole Source For Fixed-Yields.","2022-06-21T20:00:00.000Z","2022-06-26T19:59:00.000Z","$55,000 USDC","https://github.com/code-423n4/2022-06-illuminate","https://github.com/code-423n4/2022-06-illuminate-findings","False","eth"
"135","Swivel v3 contest","Swivel","The Capital-Efficient Protocol For Fixed-Rate Lending.","2022-07-12T20:00:00.000Z","2022-07-15T20:00:00.000Z","$35,000 USDC","https://github.com/code-423n4/2022-07-swivel","https://github.com/code-423n4/2022-07-swivel-findings","False","eth"
"136","Infinity NFT Marketplace contest","Infinity NFT Marketplace","The world's most advanced NFT marketplace.","2022-06-14T20:00:00.000Z","2022-06-19T19:59:00.000Z","$50,000 USDC","https://github.com/code-423n4/2022-06-infinity","https://github.com/code-423n4/2022-06-infinity-findings","False","eth"
"137","Nested Finance contest","Nested Finance","The one-stop Defi app to build, manage and monetize your portfolio.","2022-06-15T20:00:00.000Z","2022-06-18T19:59:00.000Z","$35,000 USDC","https://github.com/code-423n4/2022-06-nested","https://github.com/code-423n4/2022-06-nested-findings","False","eth"
"138","Badger-Vested-Aura contest","BadgerDAO","Bringing BTC to DeFi","2022-06-15T20:00:00.000Z","2022-06-18T19:59:00.000Z","$30,000 USDC","https://github.com/code-423n4/2022-06-badger","https://github.com/code-423n4/2022-06-badger-findings","False","eth"
"139","Yieldy contest","Yieldy","A protocol for gaining single side yields on various tokens.","2022-06-21T20:00:00.000Z","2022-06-26T19:59:00.000Z","$50,000 USDC","https://github.com/code-423n4/2022-06-yieldy","https://github.com/code-423n4/2022-06-yieldy-findings","False","eth"
"140","Nibbl contest","Nibbl","NFT fractionalization protocol with guaranteed liquidity and price based buyout.","2022-06-21T20:00:00.000Z","2022-06-24T19:59:00.000Z","$30,000 USDC","https://github.com/code-423n4/2022-06-nibbl","https://github.com/code-423n4/2022-06-nibbl-findings","False","eth"
"141","Canto v2 contest","Canto","Execution layer for original work.","2022-06-28T20:00:00.000Z","2022-07-02T20:00:00.000Z","$25,000 USDC","https://github.com/code-423n4/2022-06-canto-v2","https://github.com/code-423n4/2022-06-canto-v2-findings","False","eth"
"142","Putty contest","Putty","An order-book based american options market for NFTs and ERC20s.","2022-06-29T20:00:00.000Z","2022-07-04T20:00:00.000Z","$50,000 USDC","https://github.com/code-423n4/2022-06-putty","https://github.com/code-423n4/2022-06-putty-findings","False","eth"
"143","Juicebox V2 contest","Juicebox","The decentralized fundraising and treasury protocol.","2022-07-01T20:00:00.000Z","2022-07-08T20:00:00.000Z","$75,000 USDC","https://github.com/code-423n4/2022-07-juicebox","https://github.com/code-423n4/2022-07-juicebox-findings","False","eth"
"144","Fractional v2 contest","Fractional","A collective ownership platform for NFTs on Ethereum.","2022-07-07T20:00:00.000Z","2022-07-14T20:00:00.000Z","$75,000 USDC","https://github.com/code-423n4/2022-07-fractional","https://github.com/code-423n4/2022-07-fractional-findings","False","eth"
"145","ENS contest","ENS","Decentralised naming for wallets, websites, & more.","2022-07-12T20:00:00.000Z","2022-07-19T20:00:00.000Z","$75,000 USDC","https://github.com/code-423n4/2022-07-ens","https://github.com/code-423n4/2022-07-ens-findings","False","eth"
"146","Canto Solo Audit by Ghoul.sol","Canto","Execution layer for original work.","2022-07-08T20:00:00.000Z","2022-07-10T20:00:00.000Z","","https://github.com/code-423n4/2022-07-canto","","True","eth"
"147","Yield Witch v2 contest","Yield","Fixed-rate borrowing and lending on Ethereum","2022-07-14T20:00:00.000Z","2022-07-17T20:00:00.000Z","$25,000 USDC","https://github.com/code-423n4/2022-07-yield","https://github.com/code-423n4/2022-07-yield-findings", "False","eth"
"148","Golom contest","Golom","An NFT marketplace that offers the lowest industry fee, a publicly available order-book along with analytical tools.","2022-07-26T20:00:00.000Z","2022-08-01T20:00:00.000Z","$75,000 USDC","https://github.com/code-423n4/2022-07-golom","https://github.com/code-423n4/2022-07-golom-findings", "False","eth"
"149","Axelar Network v2 contest","Axelar Network","Decentralized interoperability network.","2022-07-29T20:00:00.000Z","2022-08-03T20:00:00.000Z","$50,000 USDC","https://github.com/code-423n4/2022-07-axelar","https://github.com/code-423n4/2022-07-axelar-findings","False","eth"
"150","Mimo August 2022 contest","Mimo DeFi","Bridging the chasm between the DeFi world and the world of regulated financial institutions.","2022-08-02T20:00:00.000Z","2022-08-07T20:00:00.000Z","$50,000 USDC","https://github.com/code-423n4/2022-08-mimo","https://github.com/code-423n4/2022-08-mimo-findings","False","eth"
"151","Rigor Protocol contest","Rigor Protocol","Community lending and instant payments for new home construction.","2022-08-01T20:00:00.000Z","2022-08-06T20:00:00.000Z","$50,000 USDC","https://github.com/code-423n4/2022-08-rigor","https://github.com/code-423n4/2022-08-rigor-findings","False","eth"
"152","Foundation Drop contest","Foundation","Foundation is a web3 destination.","2022-08-11T20:00:00.000Z","2022-08-15T20:00:00.000Z","$40,000 USDC","https://github.com/code-423n4/2022-08-foundation","https://github.com/code-423n4/2022-08-foundation-findings","False","eth"
"153","Fraxlend (Frax Finance) contest","Frax Finance","Fraxlend: A permissionless lending platform and the final piece of the Frax Finance Defi Trinity.","2022-08-12T20:00:00.000Z","2022-08-17T20:00:00.000Z","$50,000 USDC","https://github.com/code-423n4/2022-08-frax","https://github.com/code-423n4/2022-08-frax-findings","False","eth"
"154","FIAT DAO veFDT contest","FIAT DAO","Unlock liquidity for your DeFi fixed income assets.","2022-08-12T20:00:00.000Z","2022-08-15T20:00:00.000Z","$35,000 USDC","https://github.com/code-423n4/2022-08-fiatdao","https://github.com/code-423n4/2022-08-fiatdao-findings","False","eth"
"155","Nouns DAO contest","Nouns DAO","A DAO-driven NFT project on Ethereum.","2022-08-22T20:00:00.000Z","2022-08-27T20:00:00.000Z","$50,000 USDC","https://github.com/code-423n4/2022-08-nounsdao","https://github.com/code-423n4/2022-08-nounsdao-findings","False","eth"
"156","Olympus DAO contest","Olympus DAO","Version 3 of Olympus protocol, a decentralized floating currency.","2022-08-25T20:00:00.000Z","2022-09-01T20:00:00.000Z","$75,000 USDC","https://github.com/code-423n4/2022-08-olympus","https://github.com/code-423n4/2022-08-olympus","False","eth"
